username,password
zain319@,Zain319@
jmeter_user01,Pass@001Test
jmeter_user02,Pass@002Test
jmeter_user03,Pass@003Test
jmeter_user04,Pass@004Test
jmeter_user05,Pass@005Test
jmeter_user06,Pass@006Test
jmeter_user07,Pass@007Test
jmeter_user08,Pass@008Test
jmeter_user09,Pass@009Test
jmeter_user10,Pass@010Test
jmeter_user11,Pass@011Test
jmeter_user12,Pass@012Test
jmeter_user13,Pass@013Test
jmeter_user14,Pass@014Test
jmeter_user15,Pass@015Test
jmeter_user16,Pass@016Test
jmeter_user17,Pass@017Test
jmeter_user18,Pass@018Test
jmeter_user19,Pass@019Test
jmeter_user20,Pass@020Test
